INSERT INTO users (id, name, login, password, tg_name, tg_checked, join_date, chat_id)
VALUES (1, 'John', 'admin', '8d969eef6ecad3c29a3a629280e686cf0c3f5d5a86aff3ca12020c923adc6c92', 'john_1953', 0,
        '2024-12-14', -1),/*password: 123456 */
       (2, 'No Name', 'somebody', '8d969eef6ecad3c29a3a629280e686cf0c3f5d5a86aff3ca12020c923adc6c92', '', 0,
        '2025-04-09', -1),/*password: 123456 */
       (3, 'Alice Smith', 'alice01', '3f79bb7b435b05321651daefd374cd21b4f1215bddd46b89c7b6b9a24cbee7c4', 'alice_smith',
        0, '2025-04-10', -1), /*password: abc */
       (4, 'Bob Johnson', 'bobj', '9f86d081884c7d659a2feaa0c55ad015a3bf4f1b2b0b822cd15d6c15b0f00a08', 'bobjohn', 0,
        '2025-04-11', -1),/*password: test */
       (5, 'Charlie Lee', 'charlielee', '2c624232cdd221771294dfbb310aca000a0df6ac8b66b696d90ef06fdefb64a3',
        'charlie_tg', 0, '2025-04-12', -1),/*password: charlie */
       (6, 'Diana Prince', 'diana_p', '19589f8a0f0db43f9db3976d2fdf2e89b086f8c30b6dc5fe7c7fd85f6cfb8f73', 'dianapr', 0,
        '2025-04-13', -1),/*password: diana123 */
       (7, 'Evan Green', 'evang', '5e884898da28047151d0e56f8dc6292773603d0d6aabbdded1c39bbd5dba65dd', 'evangreen', 0,
        '2025-04-14', -1),/*password: password */
       (8, 'Fay Brown', 'fay_b', '6d7fce9fee471194aa8b5b6e47267f03e0f3c51378e751e3229c07b4c56721b3', 'faybrown', 0,
        '2025-04-15', -1),/*password: abc123 */
       (9, 'George White', 'georgew', '8d777f385d3dfec8815d20f7496026dc9b4c8a3cd32a7cdba2e7e49e5b1a8a0a', 'gwhite', 0,
        '2025-04-16', -1),/*password: letmein */
       (10, 'Helen Black', 'helenb', '45c48cce2e2d7fbdea1afc51c7c6ad26f4b3ed77e7ec71b48a2c1c6c2e5076a5', 'helen_black',
        0, '2025-04-17', -1),/*password: qwerty */
       (11, 'Ian King', 'ianking', '25f9e794323b453885f5181f1b624d0b4d8b99b96095bdc516f8d0a8ac849d6e', 'ianking', 0,
        '2025-04-18', -1/*password: 123456789 */);

INSERT INTO habit_templates (id, name, description, monday, tuesday, wednesday, thursday, friday, saturday, sunday)
VALUES (1, 'Утренняя медитация', '10 минут медитации после пробуждения',
        '{"7:00":"8:00"}', '{"7:00":"8:00"}', '{"7:00":"8:00"}',
        '{"7:00":"8:00"}', '{"7:00":"8:00"}', '{"7:00":"8:00"}', '{"7:00":"8:00"}'),

       (2, 'Чтение', '20 страниц книги',
        '{"9:00":"22:00"}', '{"9:00":"22:00"}', '{"9:00":"22:00"}',
        '{"9:00":"22:00"}', '{"9:00":"22:00"}', '{"9:00":"22:00"}', '{"9:00":"22:00"}'),

       (3, 'Физические упражнения', '30 минут активности',
        '{"7:00":"9:00", "19:00":"21:00"}', '{"7:00":"9:00", "19:00":"21:00"}', '{"7:00":"9:00", "19:00":"21:00"}',
        '{"7:00":"9:00", "19:00":"21:00"}', '{"7:00":"9:00", "19:00":"21:00"}', '{"7:00":"9:00", "19:00":"21:00"}',
        '{"7:00":"9:00", "19:00":"21:00"}'),

       (4, 'Ведение дневника', 'Запись мыслей и итогов дня',
        '{"21:00":"22:00"}', '{"21:00":"22:00"}', '{"21:00":"22:00"}',
        '{"21:00":"22:00"}', '{"21:00":"22:00"}', '{"21:00":"22:00"}', '{"21:00":"22:00"}'),

       (5, 'Изучение английского', '15 минут изучения новых слов и фраз',
        '{"18:00":"19:00"}', '{"18:00":"19:00"}', '{"18:00":"19:00"}',
        '{"18:00":"19:00"}', '{"18:00":"19:00"}', '{}', '{}'),

       (6, 'Планирование дня', 'Составить план на день утром',
        '{"7:30":"8:00"}', '{"7:30":"8:00"}', '{"7:30":"8:00"}',
        '{"7:30":"8:00"}', '{"7:30":"8:00"}', '{}', '{}'),

       (7, 'Прогулка на свежем воздухе', '30 минут пешей прогулки вне дома',
        '{"17:00":"19:00"}', '{"17:00":"19:00"}', '{"17:00":"19:00"}',
        '{"17:00":"19:00"}', '{"17:00":"19:00"}', '{"10:00":"12:00"}', '{"10:00":"12:00"}'),

       (8, 'Отключение от экрана', 'Без экранов за час до сна',
        '{"21:00":"22:00"}', '{"21:00":"22:00"}', '{"21:00":"22:00"}',
        '{"21:00":"22:00"}', '{"21:00":"22:00"}', '{"21:00":"22:00"}', '{"21:00":"22:00"}');

INSERT INTO habit (id, name, description, monday, tuesday, wednesday, thursday, friday, saturday, sunday)
VALUES (1, 'Утренняя медитация', '10 минут медитации после пробуждения',
        '{"7:00":"8:00"}', '{"7:00":"8:00"}', '{"7:00":"8:00"}',
        '{"7:00":"8:00"}', '{"7:00":"8:00"}', '{"7:00":"8:00"}', '{"7:00":"8:00"}'),

       (2, 'Чтение', '20 страниц книги',
        '{"9:00":"22:00"}', '{"9:00":"22:00"}', '{"9:00":"22:00"}',
        '{"9:00":"22:00"}', '{"9:00":"22:00"}', '{"9:00":"22:00"}', '{"9:00":"22:00"}'),

       (3, 'Физические упражнения', '30 минут активности',
        '{"7:00":"9:00", "19:00":"21:00"}', '{"7:00":"9:00", "19:00":"21:00"}', '{"7:00":"9:00", "19:00":"21:00"}',
        '{"7:00":"9:00", "19:00":"21:00"}', '{"7:00":"9:00", "19:00":"21:00"}', '{"7:00":"9:00", "19:00":"21:00"}',
        '{"7:00":"9:00", "19:00":"21:00"}'),

       (4, 'Ведение дневника', 'Запись мыслей и итогов дня',
        '{"21:00":"22:00"}', '{"21:00":"22:00"}', '{"21:00":"22:00"}',
        '{"21:00":"22:00"}', '{"21:00":"22:00"}', '{"21:00":"22:00"}', '{"21:00":"22:00"}'),

       (5, 'Изучение английского', '15 минут изучения новых слов и фраз',
        '{"18:00":"19:00"}', '{"18:00":"19:00"}', '{"18:00":"19:00"}',
        '{"18:00":"19:00"}', '{"18:00":"19:00"}', '{}', '{}'),

       (6, 'Планирование дня', 'Составить план на день утром',
        '{"7:30":"8:00"}', '{"7:30":"8:00"}', '{"7:30":"8:00"}',
        '{"7:30":"8:00"}', '{"7:30":"8:00"}', '{}', '{}'),

       (7, 'Прогулка на свежем воздухе', '30 минут пешей прогулки вне дома',
        '{"17:00":"19:00"}', '{"17:00":"19:00"}', '{"17:00":"19:00"}',
        '{"17:00":"19:00"}', '{"17:00":"19:00"}', '{"10:00":"12:00"}', '{"10:00":"12:00"}'),

       (8, 'Отключение от экрана', 'Без экранов за час до сна',
        '{"21:00":"22:00"}', '{"21:00":"22:00"}', '{"21:00":"22:00"}',
        '{"21:00":"22:00"}', '{"21:00":"22:00"}', '{"21:00":"22:00"}', '{"21:00":"22:00"}');

INSERT INTO habit_tracking (user_id, habit_id, start, missed_count, monthly_schedule, end, streak, value)
VALUES (1, 1, '2025-04-01', 0, '{}', NULL, 20, 80),
       (1, 2, '2025-04-03', 2, '{}', '2025-05-10', 5, 22),
       (1, 3, '2025-04-05', 1, '{}', NULL, 10, 40),
       (1, 4, '2025-04-08', 0, '{}', NULL, 15, 60),
       (1, 5, '2025-04-10', 3, '{}', '2025-05-18', 4, 16),
       (1, 6, '2025-04-12', 0, '{}', NULL, 12, 48),
       (1, 7, '2025-04-15', 0, '{}', '2025-05-25', 7, 28),

       (2, 1, '2025-04-10', 0, '{}', NULL, 5, 20),
       (2, 2, '2025-04-10', 1, '{}', NULL, 3, 10),
       (2, 4, '2025-04-10', 0, '{}', NULL, 2, 8),

       (3, 1, '2025-04-11', 0, '{}', NULL, 7, 30),
       (3, 3, '2025-04-11', 2, '{}', NULL, 0, 0),

       (4, 2, '2025-04-11', 1, '{}', NULL, 1, 5),
       (4, 5, '2025-04-11', 0, '{}', NULL, 4, 15),
       (4, 6, '2025-04-11', 0, '{}', NULL, 3, 12),

       (5, 3, '2025-04-12', 0, '{}', NULL, 6, 25),
       (5, 7, '2025-04-12', 1, '{}', NULL, 2, 9),

       (6, 1, '2025-04-12', 0, '{}', NULL, 4, 18),
       (6, 6, '2025-04-12', 0, '{}', NULL, 3, 14),
       (6, 8, '2025-04-12', 0, '{}', NULL, 2, 7),

       (7, 2, '2025-04-13', 1, '{}', NULL, 1, 4),
       (7, 5, '2025-04-13', 0, '{}', NULL, 5, 21),

       (8, 3, '2025-04-13', 0, '{}', NULL, 6, 26),
       (8, 4, '2025-04-13', 0, '{}', NULL, 3, 11),
       (8, 7, '2025-04-13', 1, '{}', NULL, 0, 0),

       (9, 1, '2025-04-14', 0, '{}', NULL, 7, 28),
       (9, 8, '2025-04-14', 0, '{}', NULL, 1, 6),

       (10, 2, '2025-04-14', 0, '{}', NULL, 2, 9),
       (10, 3, '2025-04-14', 2, '{}', NULL, 0, 0),
       (10, 5, '2025-04-14', 0, '{}', NULL, 4, 16),

       (11, 6, '2025-04-15', 0, '{}', NULL, 3, 13),
       (11, 7, '2025-04-15', 0, '{}', NULL, 2, 10);

INSERT INTO mood_tracking (user_id, mood_date, mood_value)
VALUES (1, '2025-05-01', 8),
       (1, '2025-05-02', 7),
       (1, '2025-05-03', 6),
       (1, '2025-05-04', 9),
       (1, '2025-05-05', 8),
       (1, '2025-05-06', 7),
       (1, '2025-05-07', 5),
       (1, '2025-05-08', 8),
       (1, '2025-05-09', 9),
       (1, '2025-05-10', 7),
       (1, '2025-05-11', 6),
       (1, '2025-05-12', 8),
       (1, '2025-05-13', 9),
       (1, '2025-05-14', 4),
       (1, '2025-05-15', 7),
       (1, '2025-05-16', 8),
       (1, '2025-05-17', 9),
       (1, '2025-05-18', 6),
       (1, '2025-05-19', 7),
       (1, '2025-05-20', 8),
       (1, '2025-05-21', 3),
       (1, '2025-05-22', 9),
       (1, '2025-05-23', 8),
       (1, '2025-05-24', 7),
       (1, '2025-05-25', 6),
       (1, '2025-05-26', 7),
       (1, '2025-05-27', 9),
       (1, '2025-05-28', 8),
       (1, '2025-05-29', 7);

INSERT INTO all_achievements (id, name, description, habit_id, check_function)
VALUES (11, 'Ни дня без "Чтение 1"', 'выполнений подряд: 1', 2, 'streak_check'),
       (12, 'Чтение 14 дней подряд', 'выполнений подряд: 14', 2, 'streak_check'),
       (13, 'Чтение 30 дней подряд', 'выполнений подряд: 30', 2, 'streak_check'),
       (14, 'Чтение 60 дней подряд', 'выполнений подряд: 60', 2, 'streak_check'),
       (15, 'Чтение — 100 раз', 'кол-во выполнений >= 100', 2, 'count_check'),
       (16, 'Хранитель привычек', 'Имел 5 активных привычек одновременно', NULL, 'active_habits_check'),
       (17, 'Железная дисциплина', 'Ни одной пропущенной привычки за 14 дней', NULL, 'no_misses_check'),
       (18, 'Настроение стабильно', 'Среднее настроение за месяц >= 8', NULL, 'avg_mood_check'),
       (19, 'Эмоциональные качели', 'Разброс настроения за месяц > 6', NULL, 'mood_range_check'),
       (20, 'Первая неделя', '7-дневный стрик по любой привычке', NULL, 'any_habit_streak'),
       (21, 'Завершённая привычка', 'Завершил хотя бы одну привычку', NULL, 'habit_completed'),
       (22, 'Вернулся в строй', 'Прерванный стрик восстановлен', NULL, 'recovered_streak');

INSERT INTO user_achievements (user_id, achievement_id, date_achieved)
VALUES (1, 11, '2025-05-02'),
       (1, 12, '2025-05-14'),
       (1, 13, '2025-05-28'),
       (1, 15, '2025-05-29'),
       (1, 17, '2025-05-27'),
       (1, 18, '2025-05-28'),
       (1, 20, '2025-05-08'),
       (1, 21, '2025-05-19'),
       (1, 22, '2025-05-26');